{
  "integrations": [
    {
      "id": "7b08c770-d47d-4315-b77f-5e3fb1ee2001",
      "name": "CloudWatch Alarm - Inbound from SNS",
      "action": "RUN_SCRIPT",
      "type": "INBOUND_WEBHOOK",
      "deployed": true,
      "form": "8759e209-c54a-4f92-b9da-050997aff0c0",
      "environment": "HOSTED",
      "authType": "URL",
      "createdBy": "FLOW",
      "integrationScriptStepUuid": "885d570e-5990-47e0-9157-ac8b00ef6236"
    }
  ],
  "endpoints": [
    {
      "name": "ec2.ap-southeast-1.amazonaws.com",
      "baseUrl": "https://ec2.ap-southeast-1.amazonaws.com",
      "type": "EXTERNAL",
      "authentication": "NO_AUTH"
    },
    {
      "name": "ec2.eu-west-2.amazonaws.com",
      "baseUrl": "https://ec2.eu-west-2.amazonaws.com",
      "type": "EXTERNAL",
      "authentication": "NO_AUTH"
    },
    {
      "name": "ec2.us-east-1.amazonaws.com",
      "baseUrl": "https://ec2.us-east-1.amazonaws.com",
      "type": "EXTERNAL",
      "authentication": "NO_AUTH"
    },
    {
      "name": "ssm.ap-southeast-1.amazonaws.com",
      "baseUrl": "https://ssm.ap-southeast-1.amazonaws.com",
      "type": "EXTERNAL",
      "authentication": "NO_AUTH"
    },
    {
      "name": "ssm.eu-west-2.amazonaws.com",
      "baseUrl": "https://ssm.eu-west-2.amazonaws.com",
      "type": "EXTERNAL",
      "authentication": "NO_AUTH"
    },
    {
      "name": "ssm.us-east-1.amazonaws.com",
      "baseUrl": "https://ssm.us-east-1.amazonaws.com",
      "type": "EXTERNAL",
      "authentication": "NO_AUTH"
    },
    {
      "name": "Vault",
      "baseUrl": "https://vault-server.mycompany.com",
      "type": "EXTERNAL",
      "authentication": "NO_AUTH"
    }
  ],
  "constants": []
}