{
  "name": "CloudWatch Alarm Workflow",
  "description": "",
  "form": "8759e209-c54a-4f92-b9da-050997aff0c0",
  "blocks": [
    {
      "id": "a3a8d690-e8f1-4b39-9b0e-6b44cf6f2251",
      "label": "CheckFS",
      "environment": "HOSTED",
      "presentation": "{\"w\":60,\"x\":2396,\"h\":60,\"y\":391}",
      "stepType": "SWITCH",
      "inputMappings": [
        {
          "inputPort": "input",
          "mapping": "${f2de7961-1153-47ed-b112-222168c844f0.CommandSuccess}"
        }
      ],
      "switchCases": [
        {
          "caseId": "ed2fa9ef-cf03-4e67-940f-eb05d65e7cad",
          "caseValue": "true"
        }
      ]
    },
    {
      "id": "1d346ecb-b42e-4bbe-b874-c57d7e4c82da",
      "label": "CheckVolume OK?",
      "environment": "HOSTED",
      "presentation": "{\"w\":60,\"x\":1993,\"h\":60,\"y\":507}",
      "stepType": "SWITCH",
      "inputMappings": [
        {
          "inputPort": "input",
          "mapping": "${9c3c8689-9cd8-40f6-a6a3-e7367703aa07.OKToModify}"
        }
      ],
      "switchCases": [
        {
          "caseId": "ec3924c7-1558-439e-af4b-63166c15da26",
          "caseValue": "true"
        }
      ]
    },
    {
      "id": "ed827506-dd1b-46fe-a077-e906887fc55d",
      "label": "CloudWatch Alarm - Inbound from SNS",
      "environment": "HOSTED",
      "presentation": "{\"w\":60,\"x\":-123,\"h\":60,\"y\":-150}",
      "step": "7b08c770-d47d-4315-b77f-5e3fb1ee2001",
      "stepType": "INTEGRATION"
    },
    {
      "id": "9c3c8689-9cd8-40f6-a6a3-e7367703aa07",
      "endpoint": "ec2.eu-west-2.amazonaws.com",
      "label": "EC2-CheckVolume",
      "environment": "HOSTED",
      "presentation": "{\"w\":60,\"x\":1792,\"h\":60,\"y\":754}",
      "step": "e40821d0-15ff-4cb1-9daa-7aa967c9a085",
      "stepType": "SCRIPT_STEP",
      "inputMappings": [
        {
          "inputPort": "input",
          "mapping": "${93302a58-f534-4be2-9df9-9f1ae936221c.VolumeId}",
          "stepInput": "6f0bf1e6-d112-4132-a015-f62b5b702b55"
        },
        {
          "inputPort": "input",
          "mapping": "${59f60c1e-965f-42c2-8ba6-b0a705e6c4eb.AWSRegion}",
          "stepInput": "fb9f68e2-0c7f-43aa-9c37-9c48a7fc29c5"
        },
        {
          "inputPort": "input",
          "mapping": "${755219fc-139a-494a-b3c4-3294e1508f9b.AWSAccessKey}",
          "stepInput": "cffcc85a-77c5-4d94-8682-784e5343a108"
        },
        {
          "inputPort": "input",
          "mapping": "${755219fc-139a-494a-b3c4-3294e1508f9b.AWSSecretKey}",
          "stepInput": "0ebcdbbd-3cb1-4654-b152-201addcb8012"
        },
        {
          "inputPort": "input",
          "mapping": "${755219fc-139a-494a-b3c4-3294e1508f9b.AWSSessionToken}",
          "stepInput": "f667264a-d78d-43f1-9d90-be46248006ae"
        }
      ]
    },
    {
      "id": "a805a6ad-22d9-45e5-b6fd-ca6fe60bf81d",
      "endpoint": "ec2.us-east-1.amazonaws.com",
      "label": "EC2-GetVolumeId",
      "environment": "HOSTED",
      "presentation": "{\"w\":60,\"x\":1237,\"h\":60,\"y\":870}",
      "step": "07183334-227f-4856-a6ba-718d08068628",
      "stepType": "SCRIPT_STEP",
      "inputMappings": [
        {
          "inputPort": "input",
          "mapping": "${ed827506-dd1b-46fe-a077-e906887fc55d.AWSAccountId}",
          "stepInput": "e3c01525-036f-4bb4-bb68-06e3a658217b"
        },
        {
          "inputPort": "input",
          "mapping": "${59f60c1e-965f-42c2-8ba6-b0a705e6c4eb.AWSRegion}",
          "stepInput": "854c69fb-3f3c-4b0d-9eb5-67a227b8f3e2"
        },
        {
          "inputPort": "input",
          "mapping": "${59f60c1e-965f-42c2-8ba6-b0a705e6c4eb.EC2InstanceId}",
          "stepInput": "26ab7f3c-5dcb-4182-936b-a26dd43f69d1"
        },
        {
          "inputPort": "input",
          "mapping": "${755219fc-139a-494a-b3c4-3294e1508f9b.AWSAccessKey}",
          "stepInput": "7dd93419-3248-4d6a-a115-ae26613b911d"
        },
        {
          "inputPort": "input",
          "mapping": "${755219fc-139a-494a-b3c4-3294e1508f9b.AWSSecretKey}",
          "stepInput": "300adb69-839c-4831-9d88-d6919e66b67c"
        },
        {
          "inputPort": "input",
          "mapping": "${755219fc-139a-494a-b3c4-3294e1508f9b.AWSSessionToken}",
          "stepInput": "e476bdf4-bdc1-4d29-b695-c5a7252e7222"
        },
        {
          "inputPort": "input",
          "mapping": "${59f60c1e-965f-42c2-8ba6-b0a705e6c4eb.EBSDevice}",
          "stepInput": "72dc2f04-e080-40e9-9dfa-b5486f997adf"
        }
      ]
    },
    {
      "id": "96559248-0c93-4f80-805f-49ddccf3aa9c",
      "endpoint": "ec2.eu-west-2.amazonaws.com",
      "label": "EC2-ModifyVolume",
      "environment": "HOSTED",
      "presentation": "{\"w\":60,\"x\":2569,\"h\":60,\"y\":526}",
      "step": "c946ae3a-7c6f-40bd-83ab-1ad2394dee7a",
      "stepType": "SCRIPT_STEP",
      "inputMappings": [
        {
          "inputPort": "input",
          "mapping": "${93302a58-f534-4be2-9df9-9f1ae936221c.VolumeId}",
          "stepInput": "73c7aa9c-231f-43fc-ba6d-4e35001a4ff6"
        },
        {
          "inputPort": "input",
          "mapping": "${9c3c8689-9cd8-40f6-a6a3-e7367703aa07.CurrentSize}",
          "stepInput": "7388b225-200d-4433-8f34-f377e43afc29"
        },
        {
          "inputPort": "input",
          "mapping": "2",
          "stepInput": "915b274a-beca-44c5-80e8-4272d85a94b4"
        },
        {
          "inputPort": "input",
          "mapping": "${59f60c1e-965f-42c2-8ba6-b0a705e6c4eb.AWSRegion}",
          "stepInput": "13df4f3a-28f3-4cbc-8f6a-a8d8cf9934ab"
        },
        {
          "inputPort": "input",
          "mapping": "${755219fc-139a-494a-b3c4-3294e1508f9b.AWSAccessKey}",
          "stepInput": "61cb7a49-3c65-4fb2-bb2f-56413d93ce30"
        },
        {
          "inputPort": "input",
          "mapping": "${755219fc-139a-494a-b3c4-3294e1508f9b.AWSSecretKey}",
          "stepInput": "f36c0153-8895-420b-bb85-5aaef8b7575b"
        },
        {
          "inputPort": "input",
          "mapping": "${755219fc-139a-494a-b3c4-3294e1508f9b.AWSSessionToken}",
          "stepInput": "695dcdf1-cb33-48c2-b6be-b44075be3d23"
        }
      ]
    },
    {
      "id": "f16dbab9-d646-4224-a32a-7fab1959a86c",
      "label": "ErrorMessage",
      "environment": "HOSTED",
      "presentation": "{\"w\":60,\"x\":3357,\"h\":60,\"y\":676}",
      "stepType": "MERGE",
      "inputMappings": [
        {
          "inputPort": "77a63bfa-f72f-46d3-89f4-dd78bf68b3d2",
          "mapping": "${93302a58-f534-4be2-9df9-9f1ae936221c.ErrorMessage}",
          "outputId": "4aba51ae-050d-4508-9609-fc69f68ac9bd"
        },
        {
          "inputPort": "74a09b8d-ae52-4993-b080-ae2bdb0132bc",
          "mapping": "${96559248-0c93-4f80-805f-49ddccf3aa9c.ErrorMessage}",
          "outputId": "4aba51ae-050d-4508-9609-fc69f68ac9bd"
        },
        {
          "inputPort": "1e29b197-7a43-40ee-98d0-a87e14b6244a",
          "mapping": "${755219fc-139a-494a-b3c4-3294e1508f9b.ErrorMessage}",
          "outputId": "4aba51ae-050d-4508-9609-fc69f68ac9bd"
        },
        {
          "inputPort": "a3a8d690-e8f1-4b39-9b0e-6b44cf6f2251",
          "mapping": "${f2de7961-1153-47ed-b112-222168c844f0.ErrorMessage}",
          "outputId": "4aba51ae-050d-4508-9609-fc69f68ac9bd"
        },
        {
          "inputPort": "1d346ecb-b42e-4bbe-b874-c57d7e4c82da",
          "mapping": "${9c3c8689-9cd8-40f6-a6a3-e7367703aa07.ErrorMessage}",
          "outputId": "4aba51ae-050d-4508-9609-fc69f68ac9bd"
        },
        {
          "inputPort": "eaf4d697-3714-4f3f-82b3-943e1bca4513",
          "mapping": "${8c9f5236-ab58-4cde-a587-cc2dfc5984d4.ErrorMessage}",
          "outputId": "4aba51ae-050d-4508-9609-fc69f68ac9bd"
        }
      ],
      "mergeOutputs": [
        {
          "outputId": "4aba51ae-050d-4508-9609-fc69f68ac9bd",
          "name": "ErrorMessage",
          "order": 1
        }
      ]
    },
    {
      "id": "76af0e9a-f255-434d-95b4-a20d3f5fa042",
      "label": "Event Count",
      "environment": "HOSTED",
      "presentation": "{\"w\":60,\"x\":709,\"h\":60,\"y\":159}",
      "stepType": "SWITCH",
      "inputMappings": [
        {
          "inputPort": "input",
          "mapping": "${91b5e950-8638-4b99-b538-7fd97a80af59.Number of Event IDs Returned}"
        }
      ],
      "switchCases": [
        {
          "caseId": "18e1b123-244c-486c-9616-3746de50d8dc",
          "caseValue": "0"
        }
      ]
    },
    {
      "id": "91b5e950-8638-4b99-b538-7fd97a80af59",
      "label": "Get ACTIVE events for AlarmName",
      "environment": "HOSTED",
      "presentation": "{\"w\":60,\"x\":541,\"h\":60,\"y\":300}",
      "step": "f36cf6ba-2225-5cb3-831f-030a05527c72",
      "stepType": "SCRIPT_STEP",
      "inputMappings": [
        {
          "inputPort": "input",
          "mapping": "ACTIVE",
          "stepInput": "fa86536b-3508-56de-884b-503596bd64c2"
        },
        {
          "inputPort": "input",
          "mapping": "AlarmName#en",
          "stepInput": "72cd05cc-dfe2-5933-b85c-edcf1df9f56f"
        },
        {
          "inputPort": "input",
          "mapping": "${ed827506-dd1b-46fe-a077-e906887fc55d.AlarmName}",
          "stepInput": "b58893a5-ffaf-502d-982b-613dcd7b2232"
        },
        {
          "inputPort": "input",
          "mapping": "TRUE",
          "stepInput": "3bb89cc9-b89f-5291-9c54-1da7bc6c051a"
        }
      ]
    },
    {
      "id": "77a63bfa-f72f-46d3-89f4-dd78bf68b3d2",
      "label": "Got Volume?",
      "environment": "HOSTED",
      "presentation": "{\"w\":60,\"x\":1609,\"h\":60,\"y\":619}",
      "stepType": "SWITCH",
      "inputMappings": [
        {
          "inputPort": "input",
          "mapping": "${93302a58-f534-4be2-9df9-9f1ae936221c.Matched}"
        }
      ],
      "switchCases": [
        {
          "caseId": "8c5590bb-201d-42d2-950a-0749b9ba25f0",
          "caseValue": "true"
        }
      ]
    },
    {
      "id": "eaf4d697-3714-4f3f-82b3-943e1bca4513",
      "label": "GrowAndResize Successful?",
      "environment": "HOSTED",
      "presentation": "{\"w\":60,\"x\":3094,\"h\":60,\"y\":175}",
      "stepType": "SWITCH",
      "inputMappings": [
        {
          "inputPort": "input",
          "mapping": "${8c9f5236-ab58-4cde-a587-cc2dfc5984d4.CommandSuccess}"
        }
      ],
      "switchCases": [
        {
          "caseId": "6fc2c8da-d117-4d5d-b534-d6a90c7a8771",
          "caseValue": "true"
        }
      ]
    },
    {
      "id": "74a09b8d-ae52-4993-b080-ae2bdb0132bc",
      "label": "ModifyVolume OK?",
      "environment": "HOSTED",
      "presentation": "{\"w\":60,\"x\":2752,\"h\":60,\"y\":283}",
      "stepType": "SWITCH",
      "inputMappings": [
        {
          "inputPort": "input",
          "mapping": "${96559248-0c93-4f80-805f-49ddccf3aa9c.OKToProceed}"
        }
      ],
      "switchCases": [
        {
          "caseId": "6c571146-c25c-4216-9eb0-53920adacba1",
          "caseValue": "true"
        }
      ]
    },
    {
      "id": "1d6b8bdf-b765-466c-bd0f-572c8c966a28",
      "label": "NVME?",
      "environment": "HOSTED",
      "presentation": "{\"w\":60,\"x\":1076,\"h\":60,\"y\":585}",
      "stepType": "SWITCH",
      "inputMappings": [
        {
          "inputPort": "input",
          "mapping": "${59f60c1e-965f-42c2-8ba6-b0a705e6c4eb.NVMEdevice}"
        }
      ],
      "switchCases": [
        {
          "caseId": "1c46d589-17c0-4831-9346-cd3de20887bf",
          "caseValue": "true"
        }
      ]
    },
    {
      "id": "cebf64f2-3879-4fd8-a355-926162207ee3",
      "label": "NewState?",
      "environment": "HOSTED",
      "presentation": "{\"w\":60,\"x\":370,\"h\":60,\"y\":165}",
      "stepType": "SWITCH",
      "inputMappings": [
        {
          "inputPort": "input",
          "mapping": "${ed827506-dd1b-46fe-a077-e906887fc55d.NewStateValue}"
        }
      ],
      "switchCases": [
        {
          "caseId": "4ddc651c-36aa-470b-b09c-136dadffe1d0",
          "caseValue": "OK"
        },
        {
          "caseId": "a09a8aba-b9e1-46f2-81f8-6eededcd3a5b",
          "caseValue": "ALARM"
        }
      ]
    },
    {
      "id": "59f60c1e-965f-42c2-8ba6-b0a705e6c4eb",
      "label": "SNS-ExtractValues",
      "environment": "HOSTED",
      "presentation": "{\"w\":60,\"x\":889,\"h\":60,\"y\":860}",
      "step": "6dee7d60-4a5f-40c9-999d-3d51423a4d49",
      "stepType": "SCRIPT_STEP",
      "inputMappings": [
        {
          "inputPort": "input",
          "mapping": "${ed827506-dd1b-46fe-a077-e906887fc55d.Trigger.Dimensions}",
          "stepInput": "4f4620ee-2a95-494f-94ed-d74a2344c048"
        },
        {
          "inputPort": "input",
          "mapping": "${ed827506-dd1b-46fe-a077-e906887fc55d.TopicArn}",
          "stepInput": "4b042c69-24bd-4960-ab45-d5948a725c30"
        }
      ]
    },
    {
      "id": "f2de7961-1153-47ed-b112-222168c844f0",
      "endpoint": "ssm.eu-west-2.amazonaws.com",
      "label": "SSM-CheckFS",
      "environment": "HOSTED",
      "presentation": "{\"w\":60,\"x\":2184,\"h\":60,\"y\":642}",
      "step": "4a49009b-422c-456a-b43c-024d6f1f21bc",
      "stepType": "SCRIPT_STEP",
      "inputMappings": [
        {
          "inputPort": "input",
          "mapping": "${59f60c1e-965f-42c2-8ba6-b0a705e6c4eb.EBSDevice}",
          "stepInput": "f2668195-4568-4ee6-a920-af2622bf7032"
        },
        {
          "inputPort": "input",
          "mapping": "${59f60c1e-965f-42c2-8ba6-b0a705e6c4eb.AWSRegion}",
          "stepInput": "6ecb5fa7-6ab9-4de2-9936-483eb1ec8490"
        },
        {
          "inputPort": "input",
          "mapping": "${59f60c1e-965f-42c2-8ba6-b0a705e6c4eb.EC2InstanceId}",
          "stepInput": "449f62b6-c643-4c49-8697-7a6bc0bd6d75"
        },
        {
          "inputPort": "input",
          "mapping": "${9c3c8689-9cd8-40f6-a6a3-e7367703aa07.CurrentSize}",
          "stepInput": "f0157286-6e6b-4200-a3d4-2d95171e687d"
        },
        {
          "inputPort": "input",
          "mapping": "${755219fc-139a-494a-b3c4-3294e1508f9b.AWSAccessKey}",
          "stepInput": "5ce365ad-31e8-489a-b068-0e7461c06d74"
        },
        {
          "inputPort": "input",
          "mapping": "${755219fc-139a-494a-b3c4-3294e1508f9b.AWSSecretKey}",
          "stepInput": "84c83df8-51a9-4ae7-bf92-9e49a4a3c627"
        },
        {
          "inputPort": "input",
          "mapping": "${755219fc-139a-494a-b3c4-3294e1508f9b.AWSSessionToken}",
          "stepInput": "5f6ca1bc-74a7-4e78-918c-a25582b5adc9"
        }
      ]
    },
    {
      "id": "d243efb2-34ac-4927-945d-2b706154255a",
      "endpoint": "ssm.eu-west-2.amazonaws.com",
      "label": "SSM-GetVolumeId",
      "environment": "HOSTED",
      "presentation": "{\"w\":60,\"x\":1234,\"h\":60,\"y\":720}",
      "step": "6925e615-c3fc-4ad9-be79-954f9a00b9e2",
      "stepType": "SCRIPT_STEP",
      "inputMappings": [
        {
          "inputPort": "input",
          "mapping": "${ed827506-dd1b-46fe-a077-e906887fc55d.AWSAccountId}",
          "stepInput": "507977c2-4bfb-4e4a-bdde-9a714fcbe0aa"
        },
        {
          "inputPort": "input",
          "mapping": "${59f60c1e-965f-42c2-8ba6-b0a705e6c4eb.AWSRegion}",
          "stepInput": "89350bfa-894f-4124-883d-3ce35926aea3"
        },
        {
          "inputPort": "input",
          "mapping": "${59f60c1e-965f-42c2-8ba6-b0a705e6c4eb.EC2InstanceId}",
          "stepInput": "7dbb2184-5229-4e0a-b59a-e30c7de65bd0"
        },
        {
          "inputPort": "input",
          "mapping": "${755219fc-139a-494a-b3c4-3294e1508f9b.AWSAccessKey}",
          "stepInput": "00573f5c-1378-4c44-aa83-d3bb58d4d145"
        },
        {
          "inputPort": "input",
          "mapping": "${755219fc-139a-494a-b3c4-3294e1508f9b.AWSSecretKey}",
          "stepInput": "98816ea6-6310-4287-ab46-ca9c5b231470"
        },
        {
          "inputPort": "input",
          "mapping": "${755219fc-139a-494a-b3c4-3294e1508f9b.AWSSessionToken}",
          "stepInput": "5783490c-c9df-4119-b8b8-8402c178ab23"
        },
        {
          "inputPort": "input",
          "mapping": "${59f60c1e-965f-42c2-8ba6-b0a705e6c4eb.EBSDevice}",
          "stepInput": "941b738c-315b-45ac-9a8e-acf0625c2604"
        }
      ]
    },
    {
      "id": "8c9f5236-ab58-4cde-a587-cc2dfc5984d4",
      "endpoint": "ssm.eu-west-2.amazonaws.com",
      "label": "SSM-GrowAndResize",
      "environment": "HOSTED",
      "presentation": "{\"w\":60,\"x\":2922,\"h\":60,\"y\":418}",
      "step": "7c1a7ba3-7efb-41ea-bf69-7f1d318fd1c1",
      "stepType": "SCRIPT_STEP",
      "inputMappings": [
        {
          "inputPort": "input",
          "mapping": "${59f60c1e-965f-42c2-8ba6-b0a705e6c4eb.EC2InstanceId}",
          "stepInput": "19375854-3c42-45df-a07f-5d63f877758d"
        },
        {
          "inputPort": "input",
          "mapping": "${59f60c1e-965f-42c2-8ba6-b0a705e6c4eb.EBSDevice}",
          "stepInput": "c29b7541-1c11-4954-a5bc-79458769924e"
        },
        {
          "inputPort": "input",
          "mapping": "${59f60c1e-965f-42c2-8ba6-b0a705e6c4eb.AWSRegion}",
          "stepInput": "528f2617-60bd-4edc-bc7e-833281b57d8b"
        },
        {
          "inputPort": "input",
          "mapping": "${755219fc-139a-494a-b3c4-3294e1508f9b.AWSAccessKey}",
          "stepInput": "2b707f4c-ed4e-4594-afa8-7e2ebc732564"
        },
        {
          "inputPort": "input",
          "mapping": "${755219fc-139a-494a-b3c4-3294e1508f9b.AWSSecretKey}",
          "stepInput": "409116e8-4945-4345-8ff8-3e2a40ae2159"
        },
        {
          "inputPort": "input",
          "mapping": "${755219fc-139a-494a-b3c4-3294e1508f9b.AWSSessionToken}",
          "stepInput": "fa26a5ec-d2c2-4e24-865b-82651bf7df99"
        }
      ]
    },
    {
      "id": "224115a4-729b-4734-a50b-6d3f90a890dc",
      "label": "Sub Conf?",
      "environment": "HOSTED",
      "presentation": "{\"w\":60,\"x\":124,\"h\":60,\"y\":-135}",
      "stepType": "SWITCH",
      "inputMappings": [
        {
          "inputPort": "input",
          "mapping": "${ed827506-dd1b-46fe-a077-e906887fc55d.Type}"
        }
      ],
      "switchCases": [
        {
          "caseId": "710871a2-3922-4808-8a66-6c7d251202e5",
          "caseValue": "SubscriptionConfirmation"
        }
      ]
    },
    {
      "id": "124d5dc7-1ea1-4505-bb20-aa0046d65530",
      "label": "Terminate Events",
      "environment": "HOSTED",
      "presentation": "{\"w\":60,\"x\":882,\"h\":60,\"y\":444}",
      "step": "798e3053-b4b4-5e8c-ba84-8a11c3be6237",
      "stepType": "SCRIPT_STEP",
      "inputMappings": [
        {
          "inputPort": "input",
          "mapping": "${91b5e950-8638-4b99-b538-7fd97a80af59.Event IDs}",
          "stepInput": "4fdf2591-4925-5682-8911-f0163d7f98dd"
        }
      ]
    },
    {
      "id": "1e29b197-7a43-40ee-98d0-a87e14b6244a",
      "label": "Vault OK?",
      "environment": "HOSTED",
      "presentation": "{\"w\":60,\"x\":713,\"h\":60,\"y\":725}",
      "stepType": "SWITCH",
      "inputMappings": [
        {
          "inputPort": "input",
          "mapping": "${755219fc-139a-494a-b3c4-3294e1508f9b.OKToProceed}"
        }
      ],
      "switchCases": [
        {
          "caseId": "bad2c2bb-320d-4acc-bc21-efe93d9dc715",
          "caseValue": "true"
        }
      ]
    },
    {
      "id": "755219fc-139a-494a-b3c4-3294e1508f9b",
      "endpoint": "Vault",
      "label": "Vault-AssumeAWSRole",
      "environment": "HOSTED",
      "presentation": "{\"w\":60,\"x\":537,\"h\":60,\"y\":499}",
      "step": "7d23acd5-fe10-4e84-bfbc-25f9bd07da37",
      "stepType": "SCRIPT_STEP",
      "inputMappings": [
        {
          "inputPort": "input",
          "mapping": "cd1422ec-dea6-75b6-203e-b4f046ff9d79",
          "stepInput": "6123bc6e-5177-4f9f-8a4d-220b99ee02c0"
        },
        {
          "inputPort": "input",
          "mapping": "c374a581-f392-8cde-6fcd-607f6d9ed5a3",
          "stepInput": "1b9b6cff-4861-4aad-97d8-39b0c098d583"
        },
        {
          "inputPort": "input",
          "mapping": "${ed827506-dd1b-46fe-a077-e906887fc55d.AWSAccountId}-EBSResizeAutomationRole",
          "stepInput": "8f93a111-65fc-494d-8dc2-105dc26b06cd"
        }
      ]
    },
    {
      "id": "93302a58-f534-4be2-9df9-9f1ae936221c",
      "label": "VolumeDetails",
      "environment": "HOSTED",
      "presentation": "{\"w\":60,\"x\":1432,\"h\":60,\"y\":795}",
      "stepType": "MERGE",
      "inputMappings": [
        {
          "inputPort": "a805a6ad-22d9-45e5-b6fd-ca6fe60bf81d",
          "mapping": "${a805a6ad-22d9-45e5-b6fd-ca6fe60bf81d.VolumeId}",
          "outputId": "f11d5158-ee14-496b-a503-390ada075f1b"
        },
        {
          "inputPort": "d243efb2-34ac-4927-945d-2b706154255a",
          "mapping": "${d243efb2-34ac-4927-945d-2b706154255a.VolumeId}",
          "outputId": "f11d5158-ee14-496b-a503-390ada075f1b"
        },
        {
          "inputPort": "d243efb2-34ac-4927-945d-2b706154255a",
          "mapping": "${d243efb2-34ac-4927-945d-2b706154255a.Matched}",
          "outputId": "6a4140cd-ce1c-4237-8de9-1da1d10642f8"
        },
        {
          "inputPort": "a805a6ad-22d9-45e5-b6fd-ca6fe60bf81d",
          "mapping": "${a805a6ad-22d9-45e5-b6fd-ca6fe60bf81d.ErrorMessage}",
          "outputId": "c60acb1c-fe43-452c-bd32-d8183c2b221b"
        },
        {
          "inputPort": "a805a6ad-22d9-45e5-b6fd-ca6fe60bf81d",
          "mapping": "${a805a6ad-22d9-45e5-b6fd-ca6fe60bf81d.Matched}",
          "outputId": "6a4140cd-ce1c-4237-8de9-1da1d10642f8"
        },
        {
          "inputPort": "d243efb2-34ac-4927-945d-2b706154255a",
          "mapping": "${d243efb2-34ac-4927-945d-2b706154255a.ErrorMessage}",
          "outputId": "c60acb1c-fe43-452c-bd32-d8183c2b221b"
        }
      ],
      "mergeOutputs": [
        {
          "outputId": "f11d5158-ee14-496b-a503-390ada075f1b",
          "name": "VolumeId",
          "order": 1
        },
        {
          "outputId": "c60acb1c-fe43-452c-bd32-d8183c2b221b",
          "name": "ErrorMessage",
          "order": 2
        },
        {
          "outputId": "6a4140cd-ce1c-4237-8de9-1da1d10642f8",
          "name": "Matched",
          "order": 3
        }
      ]
    },
    {
      "id": "e88d613e-8430-4e71-bc87-b45fefc856be",
      "label": "xMatters Create Event - CloudWatch Alarm",
      "environment": "HOSTED",
      "presentation": "{\"w\":60,\"x\":3488,\"h\":60,\"y\":676}",
      "step": "8759e209-c54a-4f92-b9da-050997aff0c0",
      "stepType": "CREATE_EVENT",
      "inputMappings": [
        {
          "inputPort": "input",
          "mapping": "${ed827506-dd1b-46fe-a077-e906887fc55d.Trigger.TreatMissingData}",
          "sectionItemKey": "d00e934c-5165-4011-8374-729ad49f732e"
        },
        {
          "inputPort": "input",
          "mapping": "${ed827506-dd1b-46fe-a077-e906887fc55d.Trigger.Dimensions}",
          "sectionItemKey": "4196aad4-5b8a-407d-884a-1d9a602cd622"
        },
        {
          "inputPort": "input",
          "mapping": "${ed827506-dd1b-46fe-a077-e906887fc55d.AlarmDescription}",
          "sectionItemKey": "188feee4-85cc-4dbb-9e37-57e61e471ad6"
        },
        {
          "inputPort": "input",
          "mapping": "${ed827506-dd1b-46fe-a077-e906887fc55d.recipients}",
          "sectionItemKey": "recipients"
        },
        {
          "inputPort": "input",
          "mapping": "${ed827506-dd1b-46fe-a077-e906887fc55d.Trigger.Statistic}",
          "sectionItemKey": "1045d8b1-1a38-4aa3-a8b0-49a42e662f40"
        },
        {
          "inputPort": "input",
          "mapping": "${ed827506-dd1b-46fe-a077-e906887fc55d.Subject}",
          "sectionItemKey": "fb341cf0-7627-4b8e-a11a-2fc40968ff8d"
        },
        {
          "inputPort": "input",
          "mapping": "${ed827506-dd1b-46fe-a077-e906887fc55d.Trigger.StatisticType}",
          "sectionItemKey": "4379f022-e2c8-4f62-8a32-65baa5d4db33"
        },
        {
          "inputPort": "input",
          "mapping": "${ed827506-dd1b-46fe-a077-e906887fc55d.Trigger.EvaluateLowSampleCountPercentile}",
          "sectionItemKey": "8f763417-61bb-4d21-afb3-3fcdcedfc134"
        },
        {
          "inputPort": "input",
          "mapping": "${ed827506-dd1b-46fe-a077-e906887fc55d.NewStateReason}",
          "sectionItemKey": "902faf79-d22a-4e2b-84c0-264830cce9a7"
        },
        {
          "inputPort": "input",
          "mapping": "${ed827506-dd1b-46fe-a077-e906887fc55d.StateChangeTime}",
          "sectionItemKey": "430effd0-0967-4c3b-a730-17dfae23246c"
        },
        {
          "inputPort": "input",
          "mapping": "${ed827506-dd1b-46fe-a077-e906887fc55d.Trigger.Threshold}",
          "sectionItemKey": "98e0f7be-43d3-48c8-893b-6c05e1686d26"
        },
        {
          "inputPort": "input",
          "mapping": "${ed827506-dd1b-46fe-a077-e906887fc55d.OldStateValue}",
          "sectionItemKey": "75b7559a-b8f0-4a0d-80ad-19f9ebcff55f"
        },
        {
          "inputPort": "input",
          "mapping": "${ed827506-dd1b-46fe-a077-e906887fc55d.Trigger.ComparisonOperator}",
          "sectionItemKey": "41b57cdd-9ff6-4f84-bec8-a6cbfb6ebd77"
        },
        {
          "inputPort": "input",
          "mapping": "${ed827506-dd1b-46fe-a077-e906887fc55d.TopicArn}",
          "sectionItemKey": "179c30ef-744a-4a28-b6e4-f2b56f7820bf"
        },
        {
          "inputPort": "input",
          "mapping": "${f16dbab9-d646-4224-a32a-7fab1959a86c.ErrorMessage}",
          "sectionItemKey": "eb2b93bf-b5ef-4432-8e19-cab5bdb5a1c5"
        },
        {
          "inputPort": "input",
          "mapping": "${ed827506-dd1b-46fe-a077-e906887fc55d.Trigger.Namespace}",
          "sectionItemKey": "87322982-2ad9-4754-bc41-691351de660e"
        },
        {
          "inputPort": "input",
          "mapping": "${ed827506-dd1b-46fe-a077-e906887fc55d.Trigger.EvaluationPeriods}",
          "sectionItemKey": "19680cec-a635-4e69-8f27-4b208e511c3d"
        },
        {
          "inputPort": "input",
          "mapping": "${ed827506-dd1b-46fe-a077-e906887fc55d.Trigger.Period}",
          "sectionItemKey": "2ed7f1de-8e1d-494b-bc98-69733301ad83"
        },
        {
          "inputPort": "input",
          "mapping": "${ed827506-dd1b-46fe-a077-e906887fc55d.NewStateValue}",
          "sectionItemKey": "ef5641b6-0952-4d4d-abc6-73600a8c5d6d"
        },
        {
          "inputPort": "input",
          "mapping": "${ed827506-dd1b-46fe-a077-e906887fc55d.Trigger.MetricName}",
          "sectionItemKey": "e074973d-6eba-446a-a33a-227bf511034f"
        },
        {
          "inputPort": "input",
          "mapping": "${ed827506-dd1b-46fe-a077-e906887fc55d.Trigger.Unit}",
          "sectionItemKey": "4deee0b4-dee2-4c50-b874-66e954b36c7b"
        },
        {
          "inputPort": "input",
          "mapping": "${ed827506-dd1b-46fe-a077-e906887fc55d.AlarmName}",
          "sectionItemKey": "cab395c9-a08c-4916-84c4-521849691703"
        },
        {
          "inputPort": "input",
          "mapping": "${ed827506-dd1b-46fe-a077-e906887fc55d.AWSAccountId}",
          "sectionItemKey": "c28d45d4-e9d5-40f0-a904-70acae9b927b"
        },
        {
          "inputPort": "input",
          "mapping": "${ed827506-dd1b-46fe-a077-e906887fc55d.Region}",
          "sectionItemKey": "635202e1-cb16-4461-9369-ca91c038ac92"
        }
      ]
    },
    {
      "id": "52997545-3f31-4b37-9c25-75078ce990dc",
      "label": "xMatters Create Event - Subscription Confirmation",
      "environment": "HOSTED",
      "presentation": "{\"w\":60,\"x\":332,\"h\":60,\"y\":0}",
      "step": "c174b1fd-de58-4bee-8569-acec5e4da420",
      "stepType": "CREATE_EVENT",
      "inputMappings": [
        {
          "inputPort": "input",
          "mapping": "${ed827506-dd1b-46fe-a077-e906887fc55d.Type}",
          "sectionItemKey": "3a7c0b60-3162-433c-9480-c02706c20f58"
        },
        {
          "inputPort": "input",
          "mapping": "${ed827506-dd1b-46fe-a077-e906887fc55d.Timestamp}",
          "sectionItemKey": "9b2a129a-21a6-41f2-941e-a1c177cb5ba7"
        },
        {
          "inputPort": "input",
          "mapping": "${ed827506-dd1b-46fe-a077-e906887fc55d.Message}",
          "sectionItemKey": "a13c90e0-7709-4b74-b326-35d6b909fa73"
        },
        {
          "inputPort": "input",
          "mapping": "${ed827506-dd1b-46fe-a077-e906887fc55d.SignatureVersion}",
          "sectionItemKey": "5d79df71-d50c-4f8b-ad4d-8b65f3a6d619"
        },
        {
          "inputPort": "input",
          "mapping": "${ed827506-dd1b-46fe-a077-e906887fc55d.recipients}",
          "sectionItemKey": "recipients"
        },
        {
          "inputPort": "input",
          "mapping": "${ed827506-dd1b-46fe-a077-e906887fc55d.Signature}",
          "sectionItemKey": "3b21c341-4407-4f10-969e-2d49cd91e632"
        },
        {
          "inputPort": "input",
          "mapping": "${ed827506-dd1b-46fe-a077-e906887fc55d.SubscribeURL}",
          "sectionItemKey": "83ac606d-2405-4249-9548-01730977f7d8"
        },
        {
          "inputPort": "input",
          "mapping": "${ed827506-dd1b-46fe-a077-e906887fc55d.Token}",
          "sectionItemKey": "90714c57-1bd3-4f0b-ae0f-0f748c2c503a"
        },
        {
          "inputPort": "input",
          "mapping": "${ed827506-dd1b-46fe-a077-e906887fc55d.SigningCertURL}",
          "sectionItemKey": "6277bc13-4372-4fd7-8096-190d6abcb70b"
        },
        {
          "inputPort": "input",
          "mapping": "${ed827506-dd1b-46fe-a077-e906887fc55d.MessageId}",
          "sectionItemKey": "a61b3a32-8a71-4d9b-b872-aaa44baecd28"
        },
        {
          "inputPort": "input",
          "mapping": "${ed827506-dd1b-46fe-a077-e906887fc55d.TopicArn}",
          "sectionItemKey": "179c30ef-744a-4a28-b6e4-f2b56f7820bf"
        }
      ]
    }
  ],
  "edges": [
    {
      "fromBlock": "8c9f5236-ab58-4cde-a587-cc2dfc5984d4",
      "fromPort": "output",
      "toBlock": "eaf4d697-3714-4f3f-82b3-943e1bca4513",
      "toPort": "input"
    },
    {
      "fromBlock": "91b5e950-8638-4b99-b538-7fd97a80af59",
      "fromPort": "output",
      "toBlock": "76af0e9a-f255-434d-95b4-a20d3f5fa042",
      "toPort": "input"
    },
    {
      "fromBlock": "93302a58-f534-4be2-9df9-9f1ae936221c",
      "fromPort": "output",
      "toBlock": "77a63bfa-f72f-46d3-89f4-dd78bf68b3d2",
      "toPort": "input"
    },
    {
      "fromBlock": "96559248-0c93-4f80-805f-49ddccf3aa9c",
      "fromPort": "output",
      "toBlock": "74a09b8d-ae52-4993-b080-ae2bdb0132bc",
      "toPort": "input"
    },
    {
      "fromBlock": "9c3c8689-9cd8-40f6-a6a3-e7367703aa07",
      "fromPort": "output",
      "toBlock": "1d346ecb-b42e-4bbe-b874-c57d7e4c82da",
      "toPort": "input"
    },
    {
      "fromBlock": "a3a8d690-e8f1-4b39-9b0e-6b44cf6f2251",
      "fromPort": "ed2fa9ef-cf03-4e67-940f-eb05d65e7cad",
      "toBlock": "96559248-0c93-4f80-805f-49ddccf3aa9c",
      "toPort": "input"
    },
    {
      "fromBlock": "a3a8d690-e8f1-4b39-9b0e-6b44cf6f2251",
      "fromPort": "output",
      "toBlock": "f16dbab9-d646-4224-a32a-7fab1959a86c",
      "toPort": "a3a8d690-e8f1-4b39-9b0e-6b44cf6f2251"
    },
    {
      "fromBlock": "a805a6ad-22d9-45e5-b6fd-ca6fe60bf81d",
      "fromPort": "output",
      "toBlock": "93302a58-f534-4be2-9df9-9f1ae936221c",
      "toPort": "a805a6ad-22d9-45e5-b6fd-ca6fe60bf81d"
    },
    {
      "fromBlock": "cebf64f2-3879-4fd8-a355-926162207ee3",
      "fromPort": "4ddc651c-36aa-470b-b09c-136dadffe1d0",
      "toBlock": "91b5e950-8638-4b99-b538-7fd97a80af59",
      "toPort": "input"
    },
    {
      "fromBlock": "cebf64f2-3879-4fd8-a355-926162207ee3",
      "fromPort": "a09a8aba-b9e1-46f2-81f8-6eededcd3a5b",
      "toBlock": "755219fc-139a-494a-b3c4-3294e1508f9b",
      "toPort": "input"
    },
    {
      "fromBlock": "d243efb2-34ac-4927-945d-2b706154255a",
      "fromPort": "output",
      "toBlock": "93302a58-f534-4be2-9df9-9f1ae936221c",
      "toPort": "d243efb2-34ac-4927-945d-2b706154255a"
    },
    {
      "fromBlock": "eaf4d697-3714-4f3f-82b3-943e1bca4513",
      "fromPort": "output",
      "toBlock": "f16dbab9-d646-4224-a32a-7fab1959a86c",
      "toPort": "eaf4d697-3714-4f3f-82b3-943e1bca4513"
    },
    {
      "fromBlock": "ed827506-dd1b-46fe-a077-e906887fc55d",
      "fromPort": "output",
      "toBlock": "224115a4-729b-4734-a50b-6d3f90a890dc",
      "toPort": "input"
    },
    {
      "fromBlock": "f16dbab9-d646-4224-a32a-7fab1959a86c",
      "fromPort": "output",
      "toBlock": "e88d613e-8430-4e71-bc87-b45fefc856be",
      "toPort": "input"
    },
    {
      "fromBlock": "f2de7961-1153-47ed-b112-222168c844f0",
      "fromPort": "output",
      "toBlock": "a3a8d690-e8f1-4b39-9b0e-6b44cf6f2251",
      "toPort": "input"
    },
    {
      "fromBlock": "1d346ecb-b42e-4bbe-b874-c57d7e4c82da",
      "fromPort": "output",
      "toBlock": "f16dbab9-d646-4224-a32a-7fab1959a86c",
      "toPort": "1d346ecb-b42e-4bbe-b874-c57d7e4c82da"
    },
    {
      "fromBlock": "1d346ecb-b42e-4bbe-b874-c57d7e4c82da",
      "fromPort": "ec3924c7-1558-439e-af4b-63166c15da26",
      "toBlock": "f2de7961-1153-47ed-b112-222168c844f0",
      "toPort": "input"
    },
    {
      "fromBlock": "1d6b8bdf-b765-466c-bd0f-572c8c966a28",
      "fromPort": "output",
      "toBlock": "a805a6ad-22d9-45e5-b6fd-ca6fe60bf81d",
      "toPort": "input"
    },
    {
      "fromBlock": "1d6b8bdf-b765-466c-bd0f-572c8c966a28",
      "fromPort": "1c46d589-17c0-4831-9346-cd3de20887bf",
      "toBlock": "d243efb2-34ac-4927-945d-2b706154255a",
      "toPort": "input"
    },
    {
      "fromBlock": "1e29b197-7a43-40ee-98d0-a87e14b6244a",
      "fromPort": "output",
      "toBlock": "f16dbab9-d646-4224-a32a-7fab1959a86c",
      "toPort": "1e29b197-7a43-40ee-98d0-a87e14b6244a"
    },
    {
      "fromBlock": "1e29b197-7a43-40ee-98d0-a87e14b6244a",
      "fromPort": "bad2c2bb-320d-4acc-bc21-efe93d9dc715",
      "toBlock": "59f60c1e-965f-42c2-8ba6-b0a705e6c4eb",
      "toPort": "input"
    },
    {
      "fromBlock": "224115a4-729b-4734-a50b-6d3f90a890dc",
      "fromPort": "output",
      "toBlock": "cebf64f2-3879-4fd8-a355-926162207ee3",
      "toPort": "input"
    },
    {
      "fromBlock": "224115a4-729b-4734-a50b-6d3f90a890dc",
      "fromPort": "710871a2-3922-4808-8a66-6c7d251202e5",
      "toBlock": "52997545-3f31-4b37-9c25-75078ce990dc",
      "toPort": "input"
    },
    {
      "fromBlock": "59f60c1e-965f-42c2-8ba6-b0a705e6c4eb",
      "fromPort": "output",
      "toBlock": "1d6b8bdf-b765-466c-bd0f-572c8c966a28",
      "toPort": "input"
    },
    {
      "fromBlock": "74a09b8d-ae52-4993-b080-ae2bdb0132bc",
      "fromPort": "6c571146-c25c-4216-9eb0-53920adacba1",
      "toBlock": "8c9f5236-ab58-4cde-a587-cc2dfc5984d4",
      "toPort": "input"
    },
    {
      "fromBlock": "74a09b8d-ae52-4993-b080-ae2bdb0132bc",
      "fromPort": "output",
      "toBlock": "f16dbab9-d646-4224-a32a-7fab1959a86c",
      "toPort": "74a09b8d-ae52-4993-b080-ae2bdb0132bc"
    },
    {
      "fromBlock": "755219fc-139a-494a-b3c4-3294e1508f9b",
      "fromPort": "output",
      "toBlock": "1e29b197-7a43-40ee-98d0-a87e14b6244a",
      "toPort": "input"
    },
    {
      "fromBlock": "76af0e9a-f255-434d-95b4-a20d3f5fa042",
      "fromPort": "output",
      "toBlock": "124d5dc7-1ea1-4505-bb20-aa0046d65530",
      "toPort": "input"
    },
    {
      "fromBlock": "77a63bfa-f72f-46d3-89f4-dd78bf68b3d2",
      "fromPort": "8c5590bb-201d-42d2-950a-0749b9ba25f0",
      "toBlock": "9c3c8689-9cd8-40f6-a6a3-e7367703aa07",
      "toPort": "input"
    },
    {
      "fromBlock": "77a63bfa-f72f-46d3-89f4-dd78bf68b3d2",
      "fromPort": "output",
      "toBlock": "f16dbab9-d646-4224-a32a-7fab1959a86c",
      "toPort": "77a63bfa-f72f-46d3-89f4-dd78bf68b3d2"
    }
  ]
}