[
  {
    "baseType": 3,
    "name": "AlarmDescription",
    "defaultValue": "",
    "description": "",
    "helpText": "",
    "isSystem": false,
    "minLength": 0,
    "maxLength": 20000,
    "validationRegex": "",
    "isValidate": false,
    "uuid": "188feee4-85cc-4dbb-9e37-57e61e471ad6"
  },
  {
    "baseType": 3,
    "name": "AlarmName",
    "defaultValue": "",
    "description": "",
    "helpText": "",
    "isSystem": false,
    "minLength": 0,
    "maxLength": 1000,
    "validationRegex": "",
    "isValidate": false,
    "uuid": "cab395c9-a08c-4916-84c4-521849691703"
  },
  {
    "baseType": 3,
    "name": "AWSAccountId",
    "defaultValue": "",
    "description": "",
    "helpText": "",
    "isSystem": false,
    "minLength": 0,
    "maxLength": 1000,
    "validationRegex": "",
    "isValidate": false,
    "uuid": "c28d45d4-e9d5-40f0-a904-70acae9b927b"
  },
  {
    "baseType": 3,
    "name": "ErrorMessage",
    "defaultValue": "",
    "description": "",
    "helpText": "",
    "isSystem": false,
    "minLength": 0,
    "maxLength": 1000,
    "validationRegex": "",
    "isValidate": false,
    "uuid": "eb2b93bf-b5ef-4432-8e19-cab5bdb5a1c5"
  },
  {
    "baseType": 3,
    "name": "Message",
    "defaultValue": "",
    "description": "",
    "helpText": "",
    "isSystem": false,
    "minLength": 0,
    "maxLength": 20000,
    "validationRegex": "",
    "isValidate": false,
    "uuid": "a13c90e0-7709-4b74-b326-35d6b909fa73"
  },
  {
    "baseType": 3,
    "name": "MessageId",
    "defaultValue": "",
    "description": "",
    "helpText": "",
    "isSystem": false,
    "minLength": 0,
    "maxLength": 1000,
    "validationRegex": "",
    "isValidate": false,
    "uuid": "a61b3a32-8a71-4d9b-b872-aaa44baecd28"
  },
  {
    "baseType": 3,
    "name": "NewStateReason",
    "defaultValue": "",
    "description": "",
    "helpText": "",
    "isSystem": false,
    "minLength": 0,
    "maxLength": 1000,
    "validationRegex": "",
    "isValidate": false,
    "uuid": "902faf79-d22a-4e2b-84c0-264830cce9a7"
  },
  {
    "baseType": 3,
    "name": "NewStateValue",
    "defaultValue": "",
    "description": "",
    "helpText": "",
    "isSystem": false,
    "minLength": 0,
    "maxLength": 1000,
    "validationRegex": "",
    "isValidate": false,
    "uuid": "ef5641b6-0952-4d4d-abc6-73600a8c5d6d"
  },
  {
    "baseType": 3,
    "name": "OldStateValue",
    "defaultValue": "",
    "description": "",
    "helpText": "",
    "isSystem": false,
    "minLength": 0,
    "maxLength": 1000,
    "validationRegex": "",
    "isValidate": false,
    "uuid": "75b7559a-b8f0-4a0d-80ad-19f9ebcff55f"
  },
  {
    "baseType": 3,
    "name": "Region",
    "defaultValue": "",
    "description": "",
    "helpText": "",
    "isSystem": false,
    "minLength": 0,
    "maxLength": 1000,
    "validationRegex": "",
    "isValidate": false,
    "uuid": "635202e1-cb16-4461-9369-ca91c038ac92"
  },
  {
    "baseType": 3,
    "name": "Signature",
    "defaultValue": "",
    "description": "",
    "helpText": "",
    "isSystem": false,
    "minLength": 0,
    "maxLength": 1000,
    "validationRegex": "",
    "isValidate": false,
    "uuid": "3b21c341-4407-4f10-969e-2d49cd91e632"
  },
  {
    "baseType": 3,
    "name": "SignatureVersion",
    "defaultValue": "",
    "description": "",
    "helpText": "",
    "isSystem": false,
    "minLength": 0,
    "maxLength": 1000,
    "validationRegex": "",
    "isValidate": false,
    "uuid": "5d79df71-d50c-4f8b-ad4d-8b65f3a6d619"
  },
  {
    "baseType": 3,
    "name": "SigningCertURL",
    "defaultValue": "",
    "description": "",
    "helpText": "",
    "isSystem": false,
    "minLength": 0,
    "maxLength": 1000,
    "validationRegex": "",
    "isValidate": false,
    "uuid": "6277bc13-4372-4fd7-8096-190d6abcb70b"
  },
  {
    "baseType": 3,
    "name": "StateChangeTime",
    "defaultValue": "",
    "description": "",
    "helpText": "",
    "isSystem": false,
    "minLength": 0,
    "maxLength": 1000,
    "validationRegex": "",
    "isValidate": false,
    "uuid": "430effd0-0967-4c3b-a730-17dfae23246c"
  },
  {
    "baseType": 3,
    "name": "Subject",
    "defaultValue": "",
    "description": "",
    "helpText": "",
    "isSystem": false,
    "minLength": 0,
    "maxLength": 1000,
    "validationRegex": "",
    "isValidate": false,
    "uuid": "fb341cf0-7627-4b8e-a11a-2fc40968ff8d"
  },
  {
    "baseType": 3,
    "name": "SubscribeURL",
    "defaultValue": "",
    "description": "",
    "helpText": "",
    "isSystem": false,
    "minLength": 0,
    "maxLength": 1000,
    "validationRegex": "",
    "isValidate": false,
    "uuid": "83ac606d-2405-4249-9548-01730977f7d8"
  },
  {
    "baseType": 3,
    "name": "Timestamp",
    "defaultValue": "",
    "description": "",
    "helpText": "",
    "isSystem": false,
    "minLength": 0,
    "maxLength": 1000,
    "validationRegex": "",
    "isValidate": false,
    "uuid": "9b2a129a-21a6-41f2-941e-a1c177cb5ba7"
  },
  {
    "baseType": 3,
    "name": "Token",
    "defaultValue": "",
    "description": "",
    "helpText": "",
    "isSystem": false,
    "minLength": 0,
    "maxLength": 1000,
    "validationRegex": "",
    "isValidate": false,
    "uuid": "90714c57-1bd3-4f0b-ae0f-0f748c2c503a"
  },
  {
    "baseType": 3,
    "name": "TopicArn",
    "defaultValue": "",
    "description": "",
    "helpText": "",
    "isSystem": false,
    "minLength": 0,
    "maxLength": 1000,
    "validationRegex": "",
    "isValidate": false,
    "uuid": "179c30ef-744a-4a28-b6e4-f2b56f7820bf"
  },
  {
    "baseType": 3,
    "name": "Trigger.ComparisonOperator",
    "defaultValue": "",
    "description": "",
    "helpText": "",
    "isSystem": false,
    "minLength": 0,
    "maxLength": 1000,
    "validationRegex": "",
    "isValidate": false,
    "uuid": "41b57cdd-9ff6-4f84-bec8-a6cbfb6ebd77"
  },
  {
    "baseType": 3,
    "name": "Trigger.Dimensions",
    "defaultValue": "",
    "description": "",
    "helpText": "",
    "isSystem": false,
    "minLength": 0,
    "maxLength": 1000,
    "validationRegex": "",
    "isValidate": false,
    "uuid": "4196aad4-5b8a-407d-884a-1d9a602cd622"
  },
  {
    "baseType": 3,
    "name": "Trigger.EvaluateLowSampleCountPercentile",
    "defaultValue": "",
    "description": "",
    "helpText": "",
    "isSystem": false,
    "minLength": 0,
    "maxLength": 1000,
    "validationRegex": "",
    "isValidate": false,
    "uuid": "8f763417-61bb-4d21-afb3-3fcdcedfc134"
  },
  {
    "baseType": 3,
    "name": "Trigger.EvaluationPeriods",
    "defaultValue": "",
    "description": "",
    "helpText": "",
    "isSystem": false,
    "minLength": 0,
    "maxLength": 1000,
    "validationRegex": "",
    "isValidate": false,
    "uuid": "19680cec-a635-4e69-8f27-4b208e511c3d"
  },
  {
    "baseType": 3,
    "name": "Trigger.MetricName",
    "defaultValue": "",
    "description": "",
    "helpText": "",
    "isSystem": false,
    "minLength": 0,
    "maxLength": 1000,
    "validationRegex": "",
    "isValidate": false,
    "uuid": "e074973d-6eba-446a-a33a-227bf511034f"
  },
  {
    "baseType": 3,
    "name": "Trigger.Namespace",
    "defaultValue": "",
    "description": "",
    "helpText": "",
    "isSystem": false,
    "minLength": 0,
    "maxLength": 1000,
    "validationRegex": "",
    "isValidate": false,
    "uuid": "87322982-2ad9-4754-bc41-691351de660e"
  },
  {
    "baseType": 3,
    "name": "Trigger.Period",
    "defaultValue": "",
    "description": "",
    "helpText": "",
    "isSystem": false,
    "minLength": 0,
    "maxLength": 1000,
    "validationRegex": "",
    "isValidate": false,
    "uuid": "2ed7f1de-8e1d-494b-bc98-69733301ad83"
  },
  {
    "baseType": 3,
    "name": "Trigger.Statistic",
    "defaultValue": "",
    "description": "",
    "helpText": "",
    "isSystem": false,
    "minLength": 0,
    "maxLength": 1000,
    "validationRegex": "",
    "isValidate": false,
    "uuid": "1045d8b1-1a38-4aa3-a8b0-49a42e662f40"
  },
  {
    "baseType": 3,
    "name": "Trigger.StatisticType",
    "defaultValue": "",
    "description": "",
    "helpText": "",
    "isSystem": false,
    "minLength": 0,
    "maxLength": 1000,
    "validationRegex": "",
    "isValidate": false,
    "uuid": "4379f022-e2c8-4f62-8a32-65baa5d4db33"
  },
  {
    "baseType": 3,
    "name": "Trigger.Threshold",
    "defaultValue": "",
    "description": "",
    "helpText": "",
    "isSystem": false,
    "minLength": 0,
    "maxLength": 1000,
    "validationRegex": "",
    "isValidate": false,
    "uuid": "98e0f7be-43d3-48c8-893b-6c05e1686d26"
  },
  {
    "baseType": 3,
    "name": "Trigger.TreatMissingData",
    "defaultValue": "",
    "description": "",
    "helpText": "",
    "isSystem": false,
    "minLength": 0,
    "maxLength": 1000,
    "validationRegex": "",
    "isValidate": false,
    "uuid": "d00e934c-5165-4011-8374-729ad49f732e"
  },
  {
    "baseType": 3,
    "name": "Trigger.Unit",
    "defaultValue": "",
    "description": "",
    "helpText": "",
    "isSystem": false,
    "minLength": 0,
    "maxLength": 1000,
    "validationRegex": "",
    "isValidate": false,
    "uuid": "4deee0b4-dee2-4c50-b874-66e954b36c7b"
  },
  {
    "baseType": 3,
    "name": "Type",
    "defaultValue": "",
    "description": "",
    "helpText": "",
    "isSystem": false,
    "minLength": 0,
    "maxLength": 1000,
    "validationRegex": "",
    "isValidate": false,
    "uuid": "3a7c0b60-3162-433c-9480-c02706c20f58"
  }
]